Chat List|Чат Список
Message id|Номер Листа
User Name|Ім`я користувача
Title|Заголовок
Message|Повідомлення
Created At|Дата створення
Message length must be not less then 2 characters!|Повідомлення має містити мінімум 2 символи!
Name must be from 2 to 140 chars!|Імя має бути від 2 до 140 символів!
Title must be from 10 to 140 chars!|Заголовок має бути від 10 до 140 символів!
Contacts|Контакти
Wakanda forever Wakanda forever Wakanda forever|Ваканда форевер Ваканда форевер Ваканда форевер
Register|Реїстрація
Name|Ім'я
Email|Емейл
Password|Пароль
User|Користувач
Log in|Увійти
Register|Зареїструватися
Log Out|Вийти
Lesson site|Навчальний сайт
About MVC|Про MVC
Not Exists|Не існує
Contacts|Контакти
Add|Додати
Home|Головна
Add message|Додати повідомлення
Login|Увійти
Admin|Aдмин
Manager|Менеджер
Profile|Профiль
Promotions|Підвищення
Describtion|Опис
Sended|Надіслaно
Status|Статус
Our vision and mission is to provide to the customers the most compelling shopping experience possible. The positive workflow without boundaries meets the needs of our customers and helps them to win in their area of expertise. We strive to grow your business through the best software practices. Our mission is "Elevate the human race through the best e-commerce solutions"|Наші погляди та цілі полягають в тому, щоб надати клієнтам максимально привабливий досвід покупок. Позитивний робочий процес без обмежень задовольняє потреби наших клієнтів і допомагає їм перемагати у своїй сфері знань. Ми прагнемо розвивати ваш бізнес за допомогою передового програмного забезпечення. Наша місія: «Підвищити людську расу за допомогою найкращих рішень для електронної комерції»
